fips,value
1001,0.65269783796684
1003,0.703818330425666
1005,0.659110064059424
1007,0.565821614849146
1009,0.634742362446573
1011,0.613411078946545
1013,0.601575327754655
1015,0.610454220485697
1017,0.556853196189921
1019,0.642036550196933
1021,0.556976694302644
1023,0.466895013781631
1025,0.549958355341415
1027,0.632113284449606
1029,0.429503551461344
1031,0.458914386591694
1033,0.677560667689237
1035,0.678635291405873
1037,0.564390182611513
1039,0.565106977375173
1041,0.523128110252915
1043,0.61360698275544
1045,0.623403731944641
1047,0.543376772326857
1049,0.715012034777448
1051,0.546755499919736
1053,0.552992091391983
1055,0.587308334783033
1057,0.469303004289139
1059,0.438950695816873
1061,0.646732072317898
1063,0.333706899797389
1065,0.423788821487579
1067,0.608063601327954
1069,0.603824645279162
1071,0.548682519873213
1073,0.584242889047938
1075,0.486942668701872
1077,0.542327110980011
1079,0.728629728802602
1081,0.607662953939975
1083,0.632386490756159
1085,0.738178742963105
1087,0.66665682336742
1089,0.769807333079821
1091,0.508940944313595
1093,0.340208522008002
1095,0.487280691943866
1097,0.472228322321125
1099,0.556853196189921
1101,0.648621468990659
1103,0.626867022828579
1105,0.603620994682518
1107,0.476361928478959
1109,0.366144997844524
1111,0.508329465791336
1113,0.525831516158782
1115,0.671574087188819
1117,0.640717288836313
1119,0.375793404351133
1121,0.581472960398967
1123,0.668252736946212
1125,0.617107699807513
1127,0.513921459280501
1129,0.367738566330027
1131,0.366144997844524
1133,0.532656821955882
2013,0.67220217914346
2016,0.740101571100724
2050,0.699086936329548
2090,0.484047331928459
2100,0.578219780743085
2105,0.448776963830124
2110,0.503374752047947
2122,0.338702390993507
2130,0.707506179053656
2150,0.360942151115892
2164,0.429052634549151
2170,0.287055914125741
2180,0.428147591627435
2195,0.419564668837417
2198,0.379090915018423
2220,0.702414201773837
2230,0.531004331478902
2240,0.26456585356136
2261,0.328144633285672
2275,0.701991608554652
2290,0.36646491188102
4001,0.603315208170457
4003,0.537945732993318
4005,0.540213277126829
4007,0.429503551461344
4009,0.189834305710724
4011,0.468749827689335
4012,0.393889890201275
4013,0.663274612951353
4015,0.465398916255826
4017,0.565583641118257
4019,0.496371031526663
4021,0.620370417065903
4023,0.657624747240875
4025,0.376095787871938
4027,0.508023082290119
5001,0.625842241659157
5003,0.359615869119735
5005,0.298812314778364
5007,0.548810419627296
5009,0.834157731445953
5011,0.285448908643708
5013,0.127954113865761
5015,0.560530202930123
5017,0.551227220879632
5019,0.547528234030905
5021,0.661241182601431
5023,0.67648184259146
5025,0.737368673793401
5027,0.548810419627296
5029,0.390583044358082
5031,0.448572930019697
5033,0.564390182611513
5035,0.583138694910091
5037,0.467824527207644
5039,0.548041960254915
5041,0.389186845093429
5043,0.497500644737563
5045,0.653371223924161
5047,0.328548538829002
5049,0.601780648774907
5051,0.604536122727061
5053,0.500219475306106
5055,0.545332074733455
5057,0.514219705507113
5059,0.561137495004922
5061,0.511369883187964
5063,0.654963761091493
5065,0.696152174403846
5067,0.451410437554178
5069,0.649475867775573
5071,0.663679473584718
5073,0.475470330586884
5075,0.477426803625657
5077,0.385217839385631
5079,0.469854689721939
5081,0.257488865879542
5083,0.398472415018894
5085,0.568658892292961
5087,0.479189541769692
5089,0.690776727345359
5091,0.423556612364131
5093,0.488291522970311
5095,0.591728992549459
5097,0.532244830184418
5099,0.283277478467408
5101,0.470038255119885
5103,0.690630008505772
5105,0.688863364433411
5107,0.797251969153789
5109,0.269488237405408
5111,0.555862863116803
5113,0.646473382700518
5115,0.687085495293353
5117,0.422858267808413
5119,0.606053960971487
5121,0.474754274041263
5123,0.602395602210076
5125,0.671338180930007
5127,0.394162715199079
5129,0.444447265370363
5131,0.647420681277299
5133,0.563190689019366
5135,0.725593132653222
5137,0.55573877674874
5139,0.433073145033768
5141,0.634381302001055
5143,0.520970463763335
5145,0.508329465791336
5147,0.121152515953671
5149,0.519083418125158
6001,0.756755373644662
6003,0.489297538094032
6005,0.521692004774265
6007,0.487786712819255
6009,0.553619178928537
6011,0.574578549474111
6013,0.589905673301765
6015,0.459495002342666
6017,0.609560387591554
6019,0.528642396250215
6021,0.30599847437337
6023,0.56391111338524
6025,0.345371645139611
6027,0.16944259277203
6029,0.497822300299884
6031,0.41475682112385
6033,0.411315879973865
6035,0.350023116812095
6037,0.706606009372665
6039,0.44423869186077
6041,0.815553279270685
6043,0.660505389535932
6045,0.504624075301081
6047,0.489130201066613
6049,0.327739681561805
6051,0.526537543847894
6053,0.611739763233595
6055,0.478486240195474
6057,0.451410437554178
6059,0.665935599429438
6061,0.52111495932547
6063,0.523414224619162
6065,0.568776382391603
6067,0.644307761590125
6069,0.480065338739165
6071,0.465773972880631
6073,0.53821367407768
6075,0.9136201160478
6077,0.564390182611513
6079,0.576633497547924
6081,0.710668871196523
6083,0.584242889047938
6085,0.629088918839941
6087,0.724291343549932
6089,0.56295005978093
6091,0.540611108705996
6093,0.420038729241439
6095,0.666816836118619
6097,0.590658087647129
6099,0.615071468547463
6101,0.635642837241068
6103,0.469118778240387
6105,0.410320888946612
6107,0.539681757230592
6109,0.471500892369349
6111,0.593432826922358
6113,0.412058622948623
6115,0.718093801535956
8001,0.548041960254915
8005,0.655047317301378
8007,0.481459003207324
8011,0.189834305710724
8013,0.542721296016531
8014,0.440658501426757
8015,0.39740463572433
8019,0.484732185742287
8021,0.473314666534072
8023,0.327739681561805
8027,0.257488865879542
8029,0.356253303249218
8031,0.773705487613756
8033,0.288117250787659
8035,0.495398021680126
8037,0.402941413828973
8039,0.362585379806386
8041,0.548298396638148
8043,0.492122224770999
8045,0.499582838750792
8047,0.586217938080509
8049,0.258803891926068
8051,0.491791854500499
8053,0.427465977955856
8055,0.578332689422183
8059,0.452814114594767
8063,0.55623472843173
8065,0.427238230043005
8067,0.427465977955856
8069,0.544160886312804
8071,0.411811373227024
8075,0.319837969952004
8077,0.580803458436869
8079,0.355231125170917
8081,0.412058622948623
8083,0.418135254421609
8085,0.209944663173285
8087,0.519083418125158
8089,0.293818003211073
8091,0.303165849468149
8093,0.366144997844524
8097,0.442562061305534
8099,0.391138465467831
8101,0.494909849922315
8103,0.399269121875851
8105,0.262672655530259
8107,0.283277478467408
8109,0.332531413341417
8113,0.389746643675453
8115,0.371503315734879
8117,0.516591248115316
8119,0.324875183610614
8121,0.323214298262959
8123,0.471136209273005
9001,0.616914472060625
9003,0.713797122583228
9005,0.586327196558479
9007,0.60696028450946
9009,0.759492016370414
9011,0.584683170927919
9013,0.559066288285054
9015,0.589905673301765
10001,0.294325234785419
10003,0.654461876348404
10005,0.564987661804523
11001,0.862410377696807
12001,0.559066288285054
12003,0.532382244144002
12005,0.266432787733859
12007,0.542983710852446
12009,0.579571221958911
12011,0.553619178928537
12013,0.702625263160273
12015,0.391138465467831
12017,0.551859067662356
12019,0.481459003207324
12021,0.461418390783002
12023,0.69737272532581
12027,0.561137495004922
12029,0.802696851385329
12031,0.55943312062064
12033,0.527662585846543
12035,0.477072452755849
12037,0.206997249614233
12039,0.298812314778364
12041,0.717760412017702
12043,0.360942151115892
12045,0.356253303249218
12047,0.53821367407768
12049,0.517914127826517
12051,0.599616312365284
12053,0.380863502762773
12055,0.556110838876991
12057,0.607763175501969
12059,0.346095960818756
12061,0.339457226336333
12063,0.299302463392207
12065,0.393889890201275
12067,0.602600251221645
12069,0.520681190599974
12071,0.510613733697878
12073,0.452614194984245
12075,0.227905808790767
12077,0.271289119835045
12079,0.263306693253118
12081,0.495885080239014
12083,0.737243851089532
12085,0.225377509770635
12086,0.695431730945915
12087,0.467267327581502
12089,0.416453684910123
12091,0.260106005183126
12093,0.315510289877579
12095,0.595440993251807
12097,0.420511595970016
12099,0.44775468030776
12101,0.368687578675241
12103,0.430402205634911
12105,0.606356431712138
12107,0.23982254315804
12109,0.361930017287037
12111,0.566296848824139
12113,0.481632558645075
12115,0.609659858580302
12117,0.363238197680192
12119,0.551732835406612
12121,0.535655425815408
12123,0.681531248983059
12125,0.591728992549459
12127,0.648364613498525
12129,0.415728349321599
12131,0.219263773591898
12133,0.235975839871968
13001,0.336416250358218
13003,0.524555029760445
13007,0.426553345540465
13009,0.66609603672495
13011,0.509702891048009
13013,0.494093740291778
13015,0.530589313304711
13017,0.585780415553115
13019,0.50290439012575
13021,0.619127815560582
13025,0.572505905637639
13027,0.493602570641068
13029,0.485414812721703
13031,0.492945910583358
13033,0.405775645486751
13035,0.452614194984245
13037,0.427238230043005
13039,0.278265618359024
13043,0.299790977238766
13045,0.44672707187934
13047,0.495398021680126
13049,0.684322230557297
13051,0.502590245980215
13053,0.570298518017141
13055,0.429278226100831
13057,0.466522018686377
13059,0.630926065379152
13061,0.30599847437337
13063,0.434833366183519
13067,0.622648753375241
13069,0.422391265492451
13071,0.393616648379605
13073,0.508940944313595
13075,0.14922774910992
13077,0.385217839385631
13079,0.41475682112385
13081,0.376397643037961
13083,0.41597044154383
13085,0.786922365137873
13087,0.690703377520504
13089,0.713999963562736
13091,0.386360979571516
13095,0.320689017867816
13097,0.428374255353537
13099,0.356592634361163
13101,0.440232952985717
13103,0.425636308880003
13105,0.467638962993651
13107,0.515408666009866
13109,0.185091771794653
13111,0.366144997844524
13113,0.558330903768472
13115,0.503687759384426
13117,0.696799005221803
13119,0.521836032646814
13121,0.623497948711339
13123,0.51820702968947
13127,0.64404669272645
13129,0.535790789508261
13131,0.380274642978726
13133,0.430177937725394
13135,0.469670959681891
13137,0.378496014754606
13139,0.66553409158338
13141,0.468195150447524
13143,0.461609725003525
13145,0.484390038252973
13147,0.426324501215463
13149,0.42027531137511
13151,0.40163839973764
13153,0.460266561052874
13155,0.327739681561805
13157,0.505866238755727
13159,0.547528234030905
13161,0.74622096301752
13163,0.26456585356136
13167,0.46558653102159
13169,0.554369468002606
13171,0.672672305361645
13175,0.3002778690321
13177,0.528223000303833
13179,0.347176417634513
13181,0.787134436452982
13185,0.499423384727313
13187,0.573889651987675
13189,0.663841248735167
13191,0.35794307261917
13193,0.572505905637639
13195,0.608763206311327
13199,0.539681757230592
13201,0.294325234785419
13205,0.466895013781631
13207,0.565940512424286
13209,0.641421716582929
13211,0.40163839973764
13213,0.440870927596676
13215,0.568893814690641
13217,0.573659580297416
13219,0.384643471954933
13221,0.210910676105746
13223,0.562709185682352
13225,0.374273484935902
13227,0.354546152059428
13229,0.198744266429588
13231,0.574807744408316
13233,0.523271213295598
13235,0.516591248115316
13237,0.469854689721939
13239,0.46408073992536
13241,0.657790187567235
13243,0.367738566330027
13245,0.56795273416692
13247,0.582695612567645
13251,0.39740463572433
13253,0.731889594847324
13255,0.676404621870299
13257,0.476717495186505
13259,0.378793719599804
13261,0.609261739426237
13263,0.448980787215539
13265,0.373047813738164
13269,0.250708992037993
13271,0.463513175800921
13273,0.299302463392207
13275,0.49228721745261
13277,0.437875645690221
13279,0.549831086917799
13281,0.563791194667858
13283,0.235975839871968
13285,0.381157188526784
13287,0.307394792243858
13289,0.316821523959523
13291,0.419327188796612
13293,0.442982567208608
13295,0.405263593179833
13297,0.754465632913141
13299,0.538748614592138
13301,0.489464742831819
13303,0.187489022177532
13309,0.27540143574973
13311,0.614876690256184
13313,0.371813330781912
13315,0.289694600305933
13317,0.440232952985717
13319,0.424483743162147
13321,0.363238197680192
15001,0.626867022828579
15003,0.535519981486265
15007,0.654545589077518
15009,0.672672305361645
16001,0.577087784956071
16003,0.408314650143886
16005,0.644394727321892
16009,0.547528234030905
16011,0.512874399635464
16013,0.346456911148785
16015,0.433955266918098
16017,0.308318462766516
16019,0.559066288285054
16021,0.513921459280501
16023,0.453213352404992
16025,0.339833314200694
16027,0.547913635519607
16029,0.259456544084267
16031,0.579121578920073
16033,0.784793715434981
16035,0.285448908643708
16037,0.271289119835045
16039,0.305060263616466
16043,0.203972211664527
16045,0.319410670561915
16047,0.397672174299739
16049,0.496371031526663
16051,0.41524321901443
16053,0.597954590432709
16055,0.477426803625657
16057,0.283277478467408
16059,0.53834752675146
16063,0.308778166802375
16065,0.432851980955157
16067,0.603620994682518
16069,0.704866903889973
16071,0.62500074919092
16073,0.270691459672413
16075,0.438306380620504
16077,0.56367121524255
16079,0.795398838330666
16083,0.233609666594141
16085,0.592795266247917
16087,0.442351468739326
17001,0.340956316644275
17003,0.553243128618727
17005,0.385504321101424
17007,0.339457226336333
17009,0.201909963926262
17011,0.471136209273005
17015,0.242817536154158
17019,0.385504321101424
17021,0.296336594033379
17023,0.265191040902578
17025,0.339457226336333
17027,0.340582854566761
17029,0.443192481683781
17031,0.81199522625724
17033,0.273066615933371
17035,0.394162715199079
17037,0.314629810053947
17039,0.154276418624944
17041,0.313299431340118
17043,0.672045291073872
17045,0.288117250787659
17047,0.234403404432167
17049,0.663193568216713
17051,0.56700792439171
17053,0.210910676105746
17055,0.36646491188102
17057,0.231197454543842
17059,0.704238222718247
17061,0.454207960557573
17063,0.436360488519979
17065,0.28490916884467
17067,0.2805152748907
17069,0.315948624130494
17071,0.202945771991331
17073,0.550466732950255
17075,0.234403404432167
17077,0.350375495348923
17079,0.268882620528865
17081,0.360942151115892
17083,0.228737049124825
17085,0.375490490304276
17089,0.596910349037335
17091,0.576064433327391
17093,0.227905808790767
17095,0.41524321901443
17097,0.678021732929931
17099,0.441506820990539
17101,0.428147591627435
17103,0.439379054996448
17105,0.316385699345132
17107,0.121152515953671
17109,0.308318462766516
17111,0.604941777307406
17113,0.435052267485875
17115,0.478662288761435
17117,0.259456544084267
17119,0.562709185682352
17121,0.603111142956811
17123,0.614096082471237
17125,0.325287640421153
17127,0.594386095113281
17129,0.234403404432167
17131,0.35557255201228
17133,0.405263593179833
17135,0.28107207958295
17137,0.267049408740714
17139,0.183872799373567
17141,0.380569321567434
17143,0.505711356596144
17147,0.138240509050139
17149,0.176249760557806
17151,0.294325234785419
17153,0.289170748741824
17155,0.197668885542546
17157,0.560773307334661
17159,0.247181907144023
17161,0.587525832861991
17163,0.5868727585751
17165,0.311507187037741
17167,0.39740463572433
17169,0.361272086767072
17173,0.326109284553696
17175,0.243555366918696
17177,0.399798314492245
17179,0.392519482833302
17181,0.496371031526663
17183,0.448980787215539
17185,0.391968359850552
17187,0.239062570751511
17189,0.23675468431021
17191,0.311507187037741
17193,0.475291548907803
17195,0.242075398402015
17197,0.697802252621715
17199,0.499263812339929
17201,0.482670875230929
17203,0.261395498784477
18001,0.235192104100706
18003,0.523414224619162
18005,0.485073776526183
18007,0.224522901293955
18009,0.152622835234307
18011,0.469303004289139
18013,0.517914127826517
18015,0.415000179001874
18017,0.587743138126321
18019,0.66448738640232
18021,0.668809106976051
18023,0.315510289877579
18025,0.519229146508688
18027,0.383199279083696
18029,0.523128110252915
18031,0.444029896251098
18033,0.356931273570941
18035,0.58413269435087
18037,0.503844093445278
18039,0.665855345276675
18041,0.394707120660006
18043,0.641245786135256
18045,0.452614194984245
18047,0.46408073992536
18051,0.351077988995731
18053,0.53834752675146
18055,0.475291548907803
18057,0.572737084390372
18059,0.450805811684331
18061,0.580356096185385
18063,0.452013227653348
18065,0.324875183610614
18067,0.498784382931491
18069,0.530034765537797
18071,0.392794406982172
18073,0.412058622948623
18075,0.350727118148301
18077,0.351428111646974
18079,0.428147591627435
18081,0.384930890266834
18083,0.686713677472776
18085,0.152622835234307
18087,0.480065338739165
18089,0.604434606553832
18091,0.557470037962781
18093,0.361601374499987
18095,0.480240057044182
18097,0.716154777176213
18099,0.55008555406722
18101,0.436143065894345
18103,0.203972211664527
18105,0.589797997437132
18107,0.338702390993507
18109,0.24057796322267
18111,0.266432787733859
18113,0.242075398402015
18115,0.335646856227821
18117,0.524127910253965
18119,0.468749827689335
18121,0.544030386004185
18123,0.493274493827599
18125,0.62537508460734
18127,0.533888318669491
18129,0.351777489828364
18131,0.282179102855165
18133,0.519083418125158
18135,0.367102934164667
18137,0.502275644397285
18139,0.430849954522436
18141,0.635283019403175
18143,0.443820877986597
18145,0.323214298262959
18147,0.536736086948993
18149,0.364212703553303
18151,0.543376772326857
18153,0.455000091668682
18155,0.340582854566761
18157,0.542327110980011
18159,0.48761817405477
18161,0.367421047701184
18163,0.454802353339198
18165,0.320264083159256
18167,0.478662288761435
18169,0.433735115251514
18171,0.477072452755849
18173,0.470587966907018
18175,0.49894431164887
18177,0.595019573028314
18179,0.474754274041263
18181,0.177559182670257
18183,0.140164427724926
19001,0.53072773750692
19003,0.339457226336333
19005,0.49717850567993
19007,0.293818003211073
19009,0.407556632545697
19011,0.293308986003668
19013,0.428826776068559
19015,0.147483740937292
19017,0.368371829244338
19019,0.305530109428503
19021,0.14922774910992
19023,0.450401701411311
19025,0.0966177903175132
19027,0.379683785711687
19029,0.354202598918173
19031,0.412305542780855
19033,0.21281896308577
19035,0.198744266429588
19037,0.270691459672413
19039,0.409069554115423
19043,0.41837424885915
19045,0.587851718578019
19047,0.392244134301961
19049,0.405007028047671
19051,0.483015838452571
19053,0.27423896755109
19055,0.321535382136441
19057,0.483188107120277
19061,0.536331440160176
19065,0.356931273570941
19067,0.377899068571332
19069,0.713797122583228
19071,0.245018338639517
19073,0.339833314200694
19075,0.0933586604997219
19077,0.296336594033379
19079,0.312853360530879
19081,0.387779559634103
19083,0.255491447248024
19085,0.317689454697859
19087,0.334485732945535
19089,0.377300059911569
19091,0.24132889430844
19093,0.337943976668787
19095,0.40163839973764
19097,0.417656347829728
19099,0.474933520949653
19101,0.319410670561915
19103,0.477957197665646
19105,0.24860431671681
19107,0.309236463610369
19109,0.259456544084267
19111,0.629273219695527
19113,0.567834837597241
19115,0.232006770446801
19117,0.345734206883423
19119,0.258803891926068
19121,0.476895049960675
19123,0.332924214528275
19125,0.2059977638159
19127,0.238297981221632
19129,0.473314666534072
19131,0.221922151185075
19133,0.559066288285054
19135,0.436143065894345
19137,0.346817062042386
19139,0.336416250358218
19141,0.365824478321273
19143,0.354546152059428
19145,0.224522901293955
19147,0.321112781683814
19149,0.249309684471408
19153,0.638236833816711
19155,0.495072697898315
19157,0.415000179001874
19159,0.332137632213051
19161,0.224522901293955
19163,0.670786941189024
19165,0.319837969952004
19167,0.336416250358218
19169,0.49311026562376
19171,0.360611564552439
19173,0.313744190548062
19175,0.239062570751511
19177,0.245018338639517
19179,0.536601284577965
19181,0.490963672580937
19183,0.46332363409028
19185,0.336416250358218
19187,0.459301649856135
19189,0.355913276914753
19191,0.526114194187727
19193,0.544551944154142
19195,0.247895074348459
19197,0.367102934164667
20001,0.486942668701872
20003,0.332531413341417
20005,0.68864174807942
20007,0.323214298262959
20009,0.194379035598922
20011,0.430849954522436
20013,0.358614205572403
20015,0.572737084390372
20017,0.471864929159888
20019,0.462944017836811
20021,0.401114564769059
20023,0.252093379237933
20027,0.204989479036003
20029,0.31105577786155
20031,0.334096795110611
20033,0.207988114205409
20035,0.483532219935149
20037,0.317689454697859
20039,0.263306693253118
20041,0.256826416002522
20043,0.39740463572433
20045,0.617300781388578
20047,0.256826416002522
20049,0.326926614034395
20051,0.312853360530879
20053,0.442140649000695
20055,0.551480165418257
20057,0.423788821487579
20059,0.527662585846543
20061,0.471500892369349
20063,0.230382785161547
20071,0.228737049124825
20073,0.252780093065291
20077,0.656629963023589
20079,0.401376671331508
20083,0.5075626977527
20085,0.364859259826098
20087,0.337943976668787
20089,0.207988114205409
20091,0.624719640716184
20095,0.193260348957468
20097,0.511218862052719
20099,0.309236463610369
20103,0.633204394947078
20105,0.410819054686355
20107,0.434833366183519
20109,0.407809652894617
20111,0.577087784956071
20113,0.388061913537023
20115,0.268274295890805
20117,0.579234067926717
20119,0.145706941502944
20121,0.40628626834722
20123,0.446933022679763
20125,0.5075626977527
20127,0.350375495348923
20131,0.43592539844829
20133,0.372122785749264
20135,0.168025256777221
20137,0.250708992037993
20139,0.442562061305534
20141,0.323214298262959
20143,0.356592634361163
20145,0.291254762043705
20147,0.287587570830975
20149,0.3535133420887
20153,0.253463213456981
20155,0.48761817405477
20157,0.249309684471408
20159,0.268882620528865
20161,0.527381853525329
20165,0.267663234962796
20167,0.250011226831018
20169,0.479013939254045
20173,0.729335902182843
20177,0.660669072346007
20179,0.371503315734879
20181,0.28107207958295
20183,0.439379054996448
20185,0.446520905469765
20191,0.442562061305534
20195,0.324461627905867
20197,0.364859259826098
20199,0.328951404500587
20201,0.254818848048374
20205,0.38406722053728
20207,0.328548538829002
20209,0.679629427667711
21001,0.519229146508688
21003,0.470221656220887
21005,0.614389091219392
21007,0.764379598964207
21009,0.637255924083321
21011,0.593432826922358
21013,0.59732857230702
21015,0.438950695816873
21017,0.736055404915829
21019,0.7083345992891
21021,0.64404669272645
21023,0.365181612031484
21025,0.593432826922358
21027,0.592369309511374
21029,0.453611791465147
21031,0.57765444543473
21033,0.5122738309229
21035,0.510613733697878
21037,0.649731653698752
21039,0.479540302805299
21041,0.349316077233427
21043,0.55274078375551
21045,0.655214351680314
21047,0.412798396888628
21049,0.692604270434492
21051,0.666976754883616
21053,0.483188107120277
21055,0.555986883799091
21057,0.691874679897618
21059,0.744337332151642
21061,0.801736784714591
21063,0.367738566330027
21065,0.65927459503015
21067,0.758214105749826
21069,0.495560497928108
21071,0.595546236419194
21073,0.660095747974646
21075,0.5615011217557
21077,0.615460578617057
21079,0.590658087647129
21081,0.522698249429528
21083,0.52111495932547
21085,0.513323750539843
21087,0.64921983595536
21089,0.633204394947078
21091,0.792129487031627
21093,0.55449428233142
21095,0.626122130749958
21097,0.624438225447633
21099,0.697802252621715
21101,0.778373773960432
21103,0.578106819346813
21105,0.478486240195474
21107,0.542327110980011
21109,0.696583559507852
21111,0.658038157563462
21113,0.710463668056222
21115,0.740039738224518
21117,0.783348641965883
21119,0.724421783844122
21121,0.468009922906265
21123,0.499901392527245
21125,0.739730380793917
21127,0.488795129160497
21129,0.537945732993318
21131,0.551353727511399
21133,0.694492394670951
21135,0.612625948751558
21137,0.585012862051106
21139,0.657293561139799
21141,0.665292901917173
21143,0.443402171263171
21145,0.718293651304926
21147,0.468749827689335
21149,0.534297335229543
21151,0.675243705433661
21153,0.511520800278799
21155,0.600443035899122
21157,0.599098214470896
21159,0.704866903889973
21161,0.637345249449675
21163,0.157501356225178
21165,0.552489205026066
21167,0.576064433327391
21169,0.553117643763974
21171,0.710873927862252
21173,0.656214380748781
21175,0.617300781388578
21177,0.621132111414346
21179,0.521979967406433
21181,0.517474046799688
21183,0.66480987935117
21185,0.392519482833302
21187,0.383199279083696
21189,0.66448738640232
21191,0.687456818615471
21193,0.660259679179288
21195,0.639036678465719
21197,0.571114134254821
21199,0.501487128871905
21201,0.407809652894617
21203,0.628535229026521
21205,0.578332689422183
21207,0.630651320416583
21209,0.534977395551027
21211,0.49894431164887
21213,0.849457979965605
21215,0.398738374815969
21217,0.510916506975905
21219,0.583249339677168
21221,0.683946704913138
21223,0.715146709899351
21225,0.762950188810124
21227,0.45519763445731
21229,0.431296658944584
21231,0.55223735451769
21233,0.489798756416596
21235,0.625281551654096
21237,0.620275045999248
21239,0.545202236128996
22001,0.592049358798884
22003,0.315070688058449
22005,0.588393901023996
22007,0.70346794689231
22009,0.433514711500501
22011,0.407303262881225
22013,0.556358552544377
22015,0.609858683174976
22017,0.603213196343923
22019,0.630467995618245
22021,0.33832363368761
22023,0.208970529778364
22025,0.381157188526784
22027,0.407556632545697
22029,0.595335705373577
22031,0.442140649000695
22033,0.826889446984289
22037,0.540478574955774
22039,0.485414812721703
22041,0.490797647522995
22043,0.441083122521829
22045,0.703538058086153
22047,0.279956247473156
22049,0.535790789508261
22051,0.620465752666638
22053,0.517180172197552
22055,0.669364345212643
22057,0.802393984838847
22059,0.386360979571516
22061,0.592582379755108
22063,0.58091517031786
22065,0.460073948230667
22067,0.501170913892228
22069,0.442140649000695
22071,0.658450934123997
22073,0.622270431370293
22075,0.652782103966458
22077,0.924529035103995
22079,0.696152174403846
22081,0.346456911148785
22083,0.523557144361181
22085,0.388906281478502
22087,0.520536412711902
22089,0.340582854566761
22091,0.24057796322267
22093,0.316821523959523
22095,0
22097,0.613998337798598
22099,0.29483069533004
22101,0.267663234962796
22103,0.93980876987002
22105,0.487955117059308
22107,0.434833366183519
22109,0.387213494838976
22111,0.557100127456395
22113,0.50817632787463
22115,0.417895954384089
22117,0.505866238755727
22119,0.384930890266834
22121,0.526537543847894
22123,0.396060942925017
22125,0.862998941272272
22127,0.272476671870842
23001,0.670708101938938
23003,0.514368677147331
23005,0.64186102968387
23007,0.589797997437132
23009,0.690556620289399
23011,0.624532064673769
23013,0.734799231683803
23015,0.517767531399276
23017,0.608862991721303
23019,0.556729633038096
23021,0.619223614642132
23023,0.527662585846543
23025,0.53781164436643
23027,0.761514051758695
23029,0.656961966794259
23031,0.75558331173555
24001,0.49894431164887
24003,0.754995574608714
24005,0.590765387886232
24009,0.662625575339347
24011,0.386360979571516
24013,0.509550714230353
24015,0.616914472060625
24017,0.868292012912333
24019,0.285448908643708
24021,0.667216457089539
24023,0.430177937725394
24025,0.846074054848568
24027,0.545591532923967
24029,0.748634080054525
24031,0.657624747240875
24033,0.58446312926459
24035,0.318982177225733
24037,0.344644081240026
24039,0.287055914125741
24041,0.604231450901381
24043,0.642036550196933
24045,0.489631815524677
24047,0.624719640716184
24510,0.669997524225166
25001,0.779190341105186
25003,0.750431272807614
25005,0.707506179053656
25007,0.853456778005346
25009,0.70185060445998
25011,0.638681492662147
25013,0.811897190472658
25015,0.721670211094231
25017,0.816086040663196
25019,1
25021,0.861483423621828
25023,0.755407110445763
25025,0.816762833634926
25027,0.783723933063851
26001,0.321956826679008
26003,0.442772427271868
26005,0.569362967220113
26007,0.536061275434267
26009,0.607362049874318
26011,0.585012862051106
26013,0.481805969996808
26015,0.541140478367917
26017,0.449590999888216
26019,0.30785734133994
26021,0.507101337788199
26023,0.408818263568455
26025,0.645002688581984
26027,0.632204385068024
26029,0.792077318466061
26031,0.536061275434267
26033,0.27597902410531
26035,0.0700360250650472
26037,0.411067634358567
26039,0.415485942132298
26041,0.3002778690321
26043,0.235192104100706
26045,0.56367121524255
26047,0.987896852677519
26049,0.724812755486939
26051,0.37699977692113
26053,0.219263773591898
26055,0.563431073979888
26057,0.56295005978093
26059,0.355913276914753
26061,0.19098826903481
26063,0.270091174583758
26065,0.663679473584718
26067,0.550466732950255
26069,0.40551979859984
26071,0.60290691134207
26073,0.479013939254045
26075,0.538481300990122
26077,0.687382593437008
26081,0.634200584430852
26085,0.340208522008002
26087,0.333706899797389
26089,0.48996556575086
26091,0.59162211123942
26093,0.581472960398967
26095,0.252780093065291
26097,0.0933586604997219
26099,0.652022752155767
26101,0.628812221747039
26103,0.544421665289905
26105,0.460458989992902
26107,0.429278226100831
26109,0.155902236286664
26111,0.545202236128996
26115,0.586436406277067
26117,0.433955266918098
26121,0.67212374633433
26123,0.332924214528275
26125,0.667216457089539
26127,0.252780093065291
26129,0.41837424885915
26131,0.320264083159256
26133,0.386929780543339
26137,0.651599955839688
26139,0.382618253703722
26141,0.434833366183519
26143,0.458526376134979
26145,0.455985859225098
26147,0.638325825854475
26149,0.598475071074234
26151,0.462944017836811
26153,0.709229359465917
26155,0.507409019717602
26157,0.346095960818756
26159,0.489631815524677
26161,0.655297829887284
26163,0.82236431044853
26165,0.311507187037741
27001,0.11876028286652
27003,0.225377509770635
27009,0.0484098243816506
27013,0.547913635519607
27017,0.235975839871968
27019,0.326109284553696
27021,0.266432787733859
27023,0.274821424876191
27025,0.345734206883423
27027,0.508788235302508
27031,0.259456544084267
27033,0.30785734133994
27035,0.568776382391603
27037,0.331347107096838
27039,0.0786813922976001
27043,0.1137621993322
27045,0.279956247473156
27049,0.224522901293955
27051,0.409320502017817
27053,0.492945910583358
27055,0.200864584702794
27059,0.305060263616466
27061,0.194379035598922
27063,0.313744190548062
27067,0.24132889430844
27069,0.172219613160276
27071,0.468195150447524
27073,0.199809424564003
27079,0.324461627905867
27081,0.192130186632034
27083,0.32935323654958
27087,0.329754041166264
27089,0.296835112800869
27091,0.0826361388748055
27095,0.127954113865761
27099,0.498143474063211
27101,0.24057796322267
27105,0.238297981221632
27107,0.180130008915716
27109,0.380569321567434
27111,0.2174579948646
27119,0.348249753450652
27123,0.564030971466598
27127,0.223662207477454
27131,0.425176123333999
27133,0.214696589750807
27137,0.371503315734879
27139,0.40163839973764
27141,0.32935323654958
27145,0.340956316644275
27147,0.488123387026161
27151,0.181392311800043
27153,0.321112781683814
27157,0.10844345713628
27159,0.330153824482798
27163,0.339080253564729
27167,0.16944259277203
27169,0.134266326642745
27171,0.193260348957468
28001,0.636808840048702
28003,0.445071658813692
28007,0.403460016496696
28009,0.147483740937292
28011,0.159074783214189
28013,0.56818835256696
28015,0.559310906666731
28017,0.376095787871938
28019,0.543245826472926
28021,0.289694600305933
28023,0.558208115831262
28025,0.375793404351133
28027,0.45794295205198
28029,0.507409019717602
28031,0.365824478321273
28033,0.460458989992902
28035,0.642737466926349
28037,0.403200899846986
28039,0.690336340312635
28041,0.250708992037993
28043,0.625187984786163
28045,0.329754041166264
28047,0.501645062657888
28049,0.600649289421061
28051,0.279956247473156
28053,0.222795325846407
28055,0.394162715199079
28057,0.350375495348923
28059,0.283823472508787
28061,0.383199279083696
28063,0.272476671870842
28065,0.182639774514883
28067,0.589150949982492
28069,0.24860431671681
28071,0.494093740291778
28073,0.537005452568558
28075,0.6335670858986
28077,0.318121577259807
28079,0.327333677288187
28081,0.461226875122755
28083,0.574578549474111
28085,0.511520800278799
28087,0.458332089652489
28089,0.514368677147331
28091,0.441083122521829
28093,0.347176417634513
28095,0.365824478321273
28097,0.516296196185078
28099,0.23982254315804
28101,0.475112612466779
28103,0.327739681561805
28105,0.462182643040885
28107,0.698801954392646
28109,0.559555271186115
28111,0.415728349321599
28113,0.603111142956811
28115,0.358614205572403
28117,0.346095960818756
28119,0.385217839385631
28121,0.720019938852645
28123,0.517180172197552
28127,0.677098830773191
28129,0.0415860312249367
28131,0.663922100141539
28133,0.315948624130494
28135,0.188667994752873
28137,0.732461134801711
28139,0.198744266429588
28141,0.28490916884467
28145,0.420038729241439
28147,0.288117250787659
28149,0.496209170430388
28151,0.402160727176005
28153,0.224522901293955
28155,0.328548538829002
28157,0.16658785552347
28159,0.219263773591898
28161,0.677098830773191
28163,0.189834305710724
29001,0.735741861398655
29003,0.343913234793773
29005,0.457553058749986
29007,0.346456911148785
29009,0.701285887472139
29011,0.521547883647574
29013,0.486434614759485
29015,0.293818003211073
29017,0.491129567764599
29019,0.529756979360787
29021,0.536061275434267
29023,0.453213352404992
29025,0.443402171263171
29027,0.593114252264827
29029,0.359615869119735
29031,0.445071658813692
29033,0.38174308154835
29035,0.386929780543339
29037,0.477249703876378
29039,0.406795471073111
29041,0.326109284553696
29043,0.544160886312804
29045,0.530589313304711
29047,0.571346658079383
29049,0.580244126662598
29051,0.734862167253473
29053,0.349316077233427
29055,0.43218695710013
29057,0.367738566330027
29059,0.511671613492965
29061,0.347176417634513
29063,0.507101337788199
29065,0.36225801807923
29067,0.560773307334661
29069,0.566059350565491
29071,0.413780191376861
29073,0.394435124859327
29075,0.493274493827599
29077,0.637345249449675
29079,0.303165849468149
29081,0.429278226100831
29083,0.557100127456395
29085,0.712509137328453
29087,0.19098826903481
29089,0.476361928478959
29091,0.442772427271868
29093,0.626401716927071
29095,0.699513872489543
29097,0.448572930019697
29099,0.420511595970016
29101,0.437443951789006
29103,0.422624911134195
29105,0.414513144404896
29107,0.258148011740057
29109,0.650667440538215
29111,0.481111458949983
29113,0.287055914125741
29115,0.573429288188691
29117,0.522984915353214
29119,0.454207960557573
29121,0.59868295888556
29123,0.501012632300291
29125,0.453412671544867
29127,0.367421047701184
29129,0.511671613492965
29131,0.585012862051106
29133,0.294325234785419
29135,0.318552482099978
29137,0.308318462766516
29139,0.288644971125492
29141,0.347176417634513
29143,0.482325342330359
29145,0.482152361560856
29147,0.330950351457912
29149,0.490963672580937
29151,0.386360979571516
29153,0.68145542623981
29155,0.299790977238766
29157,0.500060492689422
29159,0.482152361560856
29161,0.479540302805299
29163,0.33331604146657
29165,0.536466402351989
29167,0.298320518525704
29169,0.58654556728721
29171,0.607763175501969
29173,0.459688169289852
29175,0.460073948230667
29177,0.319837969952004
29179,0.294325234785419
29181,0.437659918923503
29183,0.490963672580937
29185,0.24860431671681
29186,0.448980787215539
29187,0.619893206454421
29189,0.638770334147634
29195,0.409320502017817
29197,0.595019573028314
29199,0.308778166802375
29201,0.672907066592731
29203,0.504935283635779
29205,0.29483069533004
29207,0.558576287458083
29209,0.6534552781465
29211,0.383778383796926
29213,0.621132111414346
29215,0.489464742831819
29217,0.38664560936321
29219,0.596910349037335
29221,0.458914386591694
29223,0.561864189606375
29225,0.433955266918098
29227,0.504468303423878
29229,0.497982947300768
29510,0.804508035835088
30001,0.529061011797503
30003,0.444029896251098
30005,0.295836360811707
30007,0.524270374140558
30009,0.411315879973865
30011,0.332137632213051
30013,0.638859145594211
30015,0.332137632213051
30017,0.631748562870484
30019,0.244288948790072
30021,0.740472298614571
30023,0.534841546346439
30025,0.296336594033379
30027,0.415000179001874
30029,0.501960583813726
30031,0.548170213930396
30035,0.187489022177532
30037,0.364212703553303
30039,0.2805152748907
30041,0.726241859574062
30043,0.594703036678683
30045,0.353858330095225
30047,0.462944017836811
30049,0.599926654937475
30053,0.339457226336333
30055,0.258148011740057
30057,0.632386490756159
30059,0.375793404351133
30061,0.467267327581502
30063,0.613509049736648
30067,0.642562412180065
30069,0.504468303423878
30071,0.152622835234307
30073,0.142048934226989
30075,0.200864584702794
30077,0.658368429403661
30079,0.38174308154835
30081,0.442562061305534
30083,0.218364316194364
30085,0.429052634549151
30087,0.418851324580238
30089,0.385504321101424
30093,0.690703377520504
30095,0.498624335022797
30097,0.434614216140012
30099,0.355231125170917
30101,0.544551944154142
30105,0.396060942925017
30107,0.512424127255
30109,0.642737466926349
30111,0.665373322257509
31001,0.49894431164887
31003,0.488627393788813
31009,0.360942151115892
31011,0.366784223103117
31015,0.228737049124825
31017,0.371813330781912
31019,0.370569886234652
31021,0.598994465473447
31023,0.35557255201228
31025,0.3002778690321
31027,0.258803891926068
31029,0.290216542263204
31031,0.306930805081736
31033,0.111145913355382
31035,0.393889890201275
31037,0.638147811596737
31039,0.455394982157405
31041,0.428374255353537
31043,0.178852445627001
31045,0.290216542263204
31047,0.41597044154383
31051,0.419089407676087
31053,0.283823472508787
31055,0.677098830773191
31057,0.197668885542546
31059,0.35557255201228
31061,0.185091771794653
31063,0.351777489828364
31065,0.398472415018894
31067,0.376397643037961
31069,0.64009936502331
31071,0.507869728860328
31073,0.202945771991331
31077,0.385790337193594
31079,0.305060263616466
31081,0.484047331928459
31083,0.282729361726633
31085,0.407303262881225
31087,0.276554213510267
31089,0.384930890266834
31093,0.309236463610369
31095,0.326109284553696
31097,0.359615869119735
31099,0.353858330095225
31101,0.432408887678505
31103,0.202945771991331
31105,0.375490490304276
31107,0.377300059911569
31109,0.239062570751511
31111,0.330552592573969
31115,0.381157188526784
31119,0.333706899797389
31121,0.303641730190806
31123,0.185091771794653
31125,0.58446312926459
31127,0.528782021308961
31129,0.319410670561915
31131,0.265191040902578
31133,0.260106005183126
31137,0.331347107096838
31139,0.368055492650563
31141,0.413535229444728
31143,0.247181907144023
31145,0.215624261010702
31147,0.309693363239191
31151,0.340582854566761
31153,0.493766419706814
31155,0.455789094093071
31157,0.477249703876378
31159,0.307394792243858
31161,0.302209464587824
31165,0.528362885874032
31167,0.366144997844524
31169,0.29483069533004
31173,0.292798168369553
31175,0.365503350620227
31177,0.263306693253118
31179,0.396868362783659
31181,0.431296658944584
31183,0.493930142848235
31185,0.496047186740407
32001,0.602804733034897
32003,0.58446312926459
32005,0.498624335022797
32007,0.547656772500172
32011,0.54610957591697
32013,0.365181612031484
32015,0.546755499919736
32019,0.177559182670257
32027,0.459495002342666
32029,0.274821424876191
32031,0.244288948790072
32033,0.610057351499315
32510,0.533888318669491
33001,0.54258997614252
33003,0.431742324590348
33005,0.568306074532018
33007,0.315948624130494
33009,0.56771688269112
33011,0.6521072311867
33013,0.531556505091894
33015,0.520536412711902
33017,0.69362252655397
33019,0.570415204934557
34001,0.696511707737591
34003,0.743238138625597
34005,0.678405366664141
34007,0.802494972336129
34009,0.420983276039528
34011,0.505866238755727
34013,0.763694316939888
34015,0.787134436452982
34017,0.678635291405873
34019,0.547270942708996
34021,0.612330897550122
34023,0.60585211150822
34025,0.692166743503993
34027,0.629733399867073
34029,0.656463807233402
34031,0.742134881396073
34033,0.647248696385493
34035,0.624062526496789
34037,0.532656821955882
34039,0.644829127799572
34041,0.580579880367704
35001,0.549703748706854
35003,0.185091771794653
35005,0.336032018552541
35006,0.571578956453005
35007,0.41597044154383
35011,0.448776963830124
35013,0.617300781388578
35015,0.514963557614213
35017,0.376095787871938
35019,0.519083418125158
35023,0.544421665289905
35027,0.319410670561915
35028,0.810373803703924
35029,0.321112781683814
35031,0.469670959681891
35033,0.123479623311732
35035,0.350727118148301
35037,0.250011226831018
35039,0.421688586347462
35043,0.321112781683814
35045,0.457553058749986
35047,0.354546152059428
35049,0.498464167714514
35051,0.579346504730949
35053,0.29483069533004
35055,0.528782021308961
35061,0.340208522008002
36001,0.795605278365439
36003,0.391138465467831
36005,0.856724617845028
36007,0.693259286663223
36009,0.451812500789203
36011,0.685893930006774
36013,0.648364613498525
36015,0.504156423307282
36017,0.455789094093071
36019,0.751563966199745
36021,0.72552818074337
36023,0.701003107469433
36025,0.642474841254402
36027,0.775581257523177
36029,0.821936840481692
36031,0.590013302044794
36033,0.550339742782572
36035,0.620275045999248
36037,0.732080231384001
36039,0.621796744369644
36041,0.442140649000695
36043,0.636091914693725
36045,0.732841546586826
36047,0.812925080796115
36049,0.539947671497689
36051,0.441295086790981
36053,0.595861698100415
36055,0.751861336735631
36057,0.760591359362024
36059,0.914055659976421
36061,0.941157382112897
36063,0.770981966890628
36065,0.669918457034048
36067,0.768853142056669
36069,0.628996719277539
36071,0.703046916847401
36073,0.583027999869183
36075,0.702414201773837
36077,0.522554778128107
36079,0.745978579183913
36081,0.902104508759143
36083,0.742503087501608
36085,0.978241598539761
36087,0.920205193285587
36089,0.710121336656786
36091,0.610355061607372
36093,0.795398838330666
36095,0.529617957767265
36097,0.38664560936321
36099,0.648792568310458
36101,0.581026830836983
36103,0.868498728168295
36105,0.519956355754345
36107,0.424483743162147
36109,0.614193789576389
36111,0.644394727321892
36113,0.767952364348876
36115,0.558576287458083
36117,0.470404893368968
36119,0.834249292198852
36121,0.37699977692113
36123,0.130108433184923
37001,0.621132111414346
37003,0.585232409160198
37005,0.440445843420941
37007,0.545721152702147
37009,0.589905673301765
37011,0.504000314689394
37013,0.88809814792974
37015,0.545072324389983
37017,0.70909188570377
37019,0.511671613492965
37021,0.733600901187147
37023,0.743299311217945
37025,0.691069934980887
37027,0.630651320416583
37029,0.349316077233427
37031,0.370569886234652
37033,0.228737049124825
37035,0.452814114594767
37037,0.417895954384089
37039,0.71366181594888
37041,0.505090720468774
37043,0.578896444072237
37045,0.633838773581889
37047,0.443192481683781
37049,0.622932130041762
37051,0.584022449857803
37053,0.178852445627001
37055,0.160623463795306
37057,0.516000749351934
37059,0.518060627206466
37061,0.481459003207324
37063,0.654210581164389
37065,0.408818263568455
37067,0.537543230400719
37069,0.555241772785452
37071,0.694854048384568
37073,0.595335705373577
37075,0.511972928960128
37077,0.492616819073478
37079,0.387779559634103
37081,0.722130614610549
37083,0.536736086948993
37085,0.498464167714514
37087,0.56028684772106
37089,0.639834095718176
37091,0.288117250787659
37093,0.69085005799209
37095,0.407809652894617
37097,0.667136579791614
37099,0.575036721374342
37101,0.71875943237685
37103,0.194379035598922
37105,0.541404705442168
37107,0.617782847561813
37109,0.642824950792044
37111,0.63921409146655
37113,0.565583641118257
37115,0.582251722407063
37117,0.472228322321125
37119,0.682439509004954
37121,0.570064973286193
37123,0.51614852220874
37125,0.655798154565214
37127,0.58446312926459
37129,0.650157418632459
37131,0.468934386157426
37133,0.351777489828364
37135,0.660669072346007
37137,0.44423869186077
37139,0.551985231541687
37141,0.384355582649018
37143,0.431073436934975
37145,0.480065338739165
37147,0.602600251221645
37149,0.592901640703628
37151,0.591835827548079
37153,0.646473382700518
37155,0.678788468339631
37157,0.356931273570941
37159,0.396599625629697
37161,0.580691695138639
37163,0.520970463763335
37165,0.626774028622312
37167,0.62302651959713
37169,0.425865983668139
37171,0.607863357229262
37173,0.463702540419157
37175,0.624438225447633
37177,0.0933586604997219
37179,0.681985750645954
37181,0.789878397437947
37183,0.644394727321892
37185,0.653118902755519
37187,0.29782706160255
37189,0.612035502690475
37191,0.588393901023996
37193,0.606255648541834
37195,0.407556632545697
37197,0.524981334832161
37199,0.582029473315202
38001,0.183872799373567
38003,0.441083122521829
38005,0.203972211664527
38007,0.701427171973575
38009,0.420038729241439
38011,0.318121577259807
38015,0.271289119835045
38017,0.411315879973865
38019,0.388343817362469
38025,0.233609666594141
38027,0.295334399261271
38029,0.328548538829002
38031,0.377599823094055
38033,0.567834837597241
38035,0.416935679831787
38037,0.5072552331227
38039,0.505556363872946
38041,0.324875183610614
38045,0.289170748741824
38047,0.396599625629697
38049,0.515112027002025
38051,0.559188629247285
38053,0.16944259277203
38055,0.288644971125492
38057,0.350375495348923
38059,0.411811373227024
38061,0.235192104100706
38063,0.428826776068559
38067,0.517474046799688
38071,0.371503315734879
38073,0.279956247473156
38077,0.258803891926068
38081,0.463702540419157
38089,0.265813341953747
38091,0.238297981221632
38093,0.480937469566344
38097,0.358614205572403
38099,0.332137632213051
38101,0.498464167714514
38103,0.359282648527403
38105,0.439379054996448
39001,0.497017254307702
39003,0.663679473584718
39005,0.52111495932547
39007,0.677560667689237
39009,0.591515183570911
39011,0.508023082290119
39013,0.725787901858579
39015,0.568776382391603
39017,0.620561052832329
39019,0.401899751262907
39021,0.395790994539147
39023,0.591087008368564
39025,0.620941899760719
39027,0.438306380620504
39029,0.595230372739987
39031,0.46199185073245
39033,0.638414787733988
39035,0.732207253907627
39037,0.41524321901443
39039,0.202945771991331
39041,0.610454220485697
39043,0.679858337129723
39045,0.464646720625308
39047,0.648107509692647
39049,0.718892375392899
39051,0.688863364433411
39053,0.690630008505772
39055,0.446107923703332
39057,0.743849301143185
39059,0.606859742928961
39061,0.801078225466251
39063,0.637523808936316
39065,0.383489070594079
39067,0.428826776068559
39069,0.458720474973401
39071,0.433735115251514
39073,0.454604419014886
39075,0.590872641387747
39077,0.55449428233142
39079,0.678405366664141
39081,0.679553082406381
39083,0.334873718791502
39085,0.69085005799209
39087,0.613998337798598
39089,0.56818835256696
39091,0.457553058749986
39093,0.736806557107117
39095,0.752099022076806
39097,0.534841546346439
39099,0.733158181925726
39101,0.528502684480651
39103,0.700153073539567
39105,0.636719331630536
39107,0.235975839871968
39109,0.53821367407768
39111,0.483704064626116
39113,0.71257706979205
39115,0.644133744314452
39117,0.549576340618879
39119,0.654294372410997
39121,0.560530202930123
39123,0.491129567764599
39125,0.207988114205409
39127,0.516296196185078
39129,0.477249703876378
39131,0.316385699345132
39133,0.690115887096531
39135,0.484218755078728
39137,0.207988114205409
39139,0.743604986257656
39141,0.42860064991809
39143,0.636898317897228
39145,0.646990510021607
39147,0.350023116812095
39149,0.604941777307406
39151,0.759665861247362
39153,0.793586713576882
39155,0.660095747974646
39157,0.564509798865096
39159,0.502747375135282
39161,0.636629792618255
39163,0.408062325053931
39165,0.643349246297435
39167,0.747490270479597
39169,0.627980353736196
39171,0.644655453156937
39173,0.669601959323755
39175,0.408314650143886
40001,0.379683785711687
40003,0.152622835234307
40005,0.255491447248024
40009,0.443820877986597
40011,0.262035601979341
40013,0.577427940671018
40015,0.301728936925816
40017,0.522698249429528
40019,0.482843427914111
40021,0.312853360530879
40023,0.465398916255826
40025,0.303641730190806
40027,0.551353727511399
40029,0.10844345713628
40031,0.545202236128996
40033,0.486095229752699
40035,0.487786712819255
40037,0.492945910583358
40039,0.548170213930396
40041,0.425636308880003
40043,0.262035601979341
40045,0.0786813922976001
40047,0.442982567208608
40049,0.328144633285672
40051,0.538079742860978
40053,0.155902236286664
40055,0.11876028286652
40061,0.136275191622175
40063,0.348961408468947
40065,0.181392311800043
40067,0.116298487702558
40069,0.390860971783533
40071,0.412305542780855
40073,0.341700648221655
40075,0.21281896308577
40077,0.470587966907018
40079,0.334485732945535
40081,0.505090720468774
40083,0.425865983668139
40085,0.388625272787284
40087,0.519956355754345
40089,0.577201223414856
40091,0.352821194381959
40093,0.165129710736858
40095,0.23982254315804
40097,0.594174575015661
40099,0.43329405498792
40101,0.535926072677177
40103,0.529895915243073
40105,0.338702390993507
40107,0.352474027541682
40109,0.635552929179165
40111,0.564390182611513
40113,0.289694600305933
40115,0.613116939606734
40117,0.513323750539843
40119,0.448368685274713
40121,0.494420558987821
40123,0.474933520949653
40125,0.548298396638148
40127,0.488291522970311
40129,0.249309684471408
40131,0.546626459479061
40133,0.441506820990539
40135,0.488291522970311
40137,0.545980174103179
40141,0.284367363006229
40143,0.651091715081705
40145,0.592901640703628
40147,0.393342988239378
40149,0.346095960818756
40151,0.159074783214189
40153,0.147483740937292
41001,0.615168801829008
41003,0.780492402261416
41005,0.609460877427075
41007,0.561743228965312
41009,0.493930142848235
41011,0.677560667689237
41013,0.430402205634911
41015,0.710805591900179
41017,0.519956355754345
41019,0.631017582543906
41021,0.756287093041087
41023,0.420983276039528
41025,0.341328912967127
41027,0.821127861447719
41029,0.628350402609533
41031,0.562347414142712
41033,0.646645870464244
41035,0.63229545382818
41037,0.279956247473156
41039,0.706120126241179
41041,0.561137495004922
41043,0.593220489462559
41045,0.450401701411311
41047,0.677021782717239
41049,0.56795273416692
41051,0.785646913363725
41053,0.619415105317332
41055,0.718892375392899
41057,0.679247490461141
41059,0.593538927276231
41061,0.437227743658473
41063,0.619510796973718
41065,0.756989242850462
41067,0.663517601871616
41071,0.573429288188691
42001,0.62500074919092
42003,0.816617925721293
42005,0.818160276169545
42007,0.672907066592731
42009,0.542721296016531
42011,0.670234588679038
42013,0.655798154565214
42015,0.590120883714491
42017,0.796841098513973
42019,0.717893813860067
42021,0.631291940941697
42023,0.335260758088512
42025,0.634832549643826
42027,0.648278939848077
42029,0.786763217417646
42031,0.389466965279719
42033,0.63302286013496
42035,0.611739763233595
42037,0.679323920109734
42039,0.56818835256696
42041,0.6800108383053
42043,0.815407828172848
42045,0.665212457769915
42047,0.751147153695608
42049,0.677098830773191
42051,0.74712815944537
42053,0.47259107451217
42055,0.611838381399267
42057,0.654210581164389
42059,0.528083027643238
42061,0.56771688269112
42063,0.699513872489543
42065,0.570064973286193
42067,0.66665682336742
42069,0.674467031403846
42071,0.663517601871616
42073,0.570997787638142
42075,0.566652652191992
42077,0.762720860852916
42079,0.703257509690094
42081,0.673219769414273
42083,0.593644982107172
42085,0.666176219900386
42087,0.624813377590603
42089,0.709160630823096
42091,0.754819030557262
42093,0.537140016037668
42095,0.747429949002622
42097,0.744154413945865
42099,0.73296824152016
42101,0.688123959362632
42103,0.614096082471237
42105,0.346456911148785
42107,0.626215359761478
42109,0.608163663773321
42111,0.675243705433661
42113,0.6231208745354
42115,0.730870776836182
42117,0.614096082471237
42119,0.600443035899122
42121,0.620656317593812
42123,0.624532064673769
42125,0.680924085572646
42127,0.473495168040443
42129,0.698373943052812
42131,0.609162111517405
42133,0.659439025683054
44001,0.921415432814454
44003,0.760591359362024
44005,0.769975412725564
44007,0.736806557107117
44009,0.644655453156937
45001,0.261395498784477
45003,0.428147591627435
45007,0.505866238755727
45009,0.498464167714514
45011,0.527381853525329
45013,0.23675468431021
45015,0.403977146601505
45019,0.673844108379923
45021,0.469487064653441
45023,0.308318462766516
45025,0.459688169289852
45027,0.459108111412293
45029,0.380863502762773
45031,0.371192738228051
45033,0.591942616282255
45035,0.499263812339929
45037,0.364536291255899
45039,0.315070688058449
45041,0.498784382931491
45043,0.142048934226989
45045,0.619127815560582
45047,0.478838188349306
45049,0.427920657989037
45051,0.418135254421609
45053,0.514368677147331
45055,0.340208522008002
45057,0.462182643040885
45059,0.475291548907803
45063,0.621512112324597
45065,0.519520316301126
45067,0.589366821794355
45069,0.621132111414346
45071,0.456378810046527
45073,0.582140623240591
45075,0.497017254307702
45077,0.583691417074774
45079,0.509246042148675
45081,0.491957103864847
45083,0.524412747264276
45085,0.406031135013556
45087,0.384930890266834
45089,0.385217839385631
45091,0.545072324389983
46003,0.202945771991331
46005,0.343179070900518
46009,0.227905808790767
46011,0.524839323409853
46013,0.348605968521068
46015,0.329754041166264
46017,0.354202598918173
46019,0.327333677288187
46023,0.0966177903175132
46027,0.336416250358218
46031,0.391692157932699
46033,0.306930805081736
46035,0.467267327581502
46037,0.59140820949681
46047,0.21281896308577
46051,0.352126127237126
46063,0.332137632213051
46071,0.411563792581871
46075,0.345734206883423
46081,0.258148011740057
46083,0.484732185742287
46085,0.420747583901167
46087,0.489464742831819
46093,0.509093546537402
46099,0.543376772326857
46101,0.441083122521829
46103,0.502275644397285
46105,0.262035601979341
46107,0.96453031777078
46109,0.160623463795306
46113,0.253463213456981
46115,0.301728936925816
46121,0.437227743658473
46123,0.388343817362469
46125,0.290216542263204
46127,0.415000179001874
46129,0.922267272273905
46135,0.517180172197552
46137,0.395790994539147
47001,0.553744394562481
47003,0.573544461826274
47005,0.244288948790072
47007,0.670944551575994
47009,0.685371014911734
47011,0.50290439012575
47013,0.58091517031786
47015,0.424252386071455
47017,0.40163839973764
47019,0.483360234190366
47021,0.431296658944584
47023,0.396599625629697
47025,0.44423869186077
47027,0.450805811684331
47029,0.561864189606375
47031,0.570881384466145
47033,0.27597902410531
47035,0.488962731504146
47037,0.671574087188819
47039,0.503061291145716
47041,0.576974293198729
47043,0.492122224770999
47045,0.506793220178874
47047,0.433955266918098
47049,0.37518704354603
47051,0.496694386805903
47053,0.635552929179165
47055,0.513323750539843
47057,0.617011104220994
47059,0.550212683184553
47061,0.484732185742287
47063,0.558453627617981
47065,0.648707032404227
47067,0.271884181800217
47069,0.635552929179165
47071,0.306930805081736
47073,0.514666318281141
47075,0.624438225447633
47077,0.456574996622692
47079,0.318552482099978
47081,0.4501993368949
47083,0.322796277474024
47085,0.556976694302644
47087,0.439592881132494
47089,0.414513144404896
47091,0.648021753145936
47093,0.695648057195077
47097,0.380569321567434
47099,0.530866076857741
47101,0.601575327754655
47103,0.454802353339198
47105,0.585889869579671
47107,0.428147591627435
47109,0.254142784149655
47111,0.438521390027778
47113,0.655714831853613
47115,0.380274642978726
47117,0.59920192027275
47119,0.452614194984245
47121,0.255491447248024
47123,0.452814114594767
47125,0.462753942513141
47127,0.526678482956628
47129,0.526255399594268
47131,0.370569886234652
47133,0.546626459479061
47135,0.653959050082591
47137,0.327739681561805
47139,0.587525832861991
47141,0.507409019717602
47143,0.690262875171839
47145,0.619797657593537
47147,0.458332089652489
47149,0.559310906666731
47151,0.543899811684676
47153,0.689306071306054
47155,0.604739031962116
47157,0.70521557343424
47159,0.545721152702147
47161,0.155902236286664
47163,0.673297889477142
47165,0.715214023916534
47167,0.334096795110611
47169,0.60796349915892
47171,0.271289119835045
47173,0.509093546537402
47175,0.21186872537909
47177,0.511218862052719
47179,0.506175672121805
47181,0.298812314778364
47183,0.367738566330027
47185,0.349316077233427
47187,0.483875768533935
47189,0.531280587017778
48001,0.32569900515257
48005,0.522554778128107
48007,0.187489022177532
48009,0.230382785161547
48013,0.285448908643708
48015,0.515704906375653
48019,0.613802735615407
48021,0.550593653776403
48023,0.224522901293955
48025,0.474395312784986
48027,0.596281690412076
48029,0.685071765093716
48031,0.615752021517666
48033,0.180130008915716
48035,0.480937469566344
48037,0.510158786682409
48039,0.573429288188691
48041,0.513024285438276
48043,0.230382785161547
48049,0.400852078768038
48051,0.473855697528762
48053,0.594914105860849
48055,0.446933022679763
48057,0.215624261010702
48059,0.2059977638159
48061,0.570648408198344
48065,0.474574871425436
48067,0.111145913355382
48069,0.357606489441279
48071,0.185091771794653
48073,0.437659918923503
48075,0.16214829078737
48077,0.486264990665693
48081,0.321112781683814
48083,0.504156423307282
48085,0.7957600200292
48087,0.449387804739855
48089,0.605346777566653
48091,0.575379779193337
48093,0.428374255353537
48095,0.10844345713628
48097,0.507101337788199
48099,0.439592881132494
48101,0.43548932650552
48105,0.239062570751511
48107,0.268274295890805
48109,0.312405969024541
48111,0.289694600305933
48113,0.748694159982707
48117,0.340956316644275
48119,0.435270920707364
48121,0.676713375015415
48123,0.48761817405477
48125,0.10844345713628
48127,0.486264990665693
48129,0.530312209857843
48133,0.461800878186437
48135,0.361601374499987
48137,0.293818003211073
48139,0.512724411446694
48141,0.680087057394053
48143,0.36388849393113
48145,0.365824478321273
48147,0.574807744408316
48149,0.521836032646814
48151,0.413044333207306
48153,0.393342988239378
48155,0.222795325846407
48157,0.736618947620079
48159,0.316821523959523
48161,0.496209170430388
48163,0.369631329368232
48167,0.521259361065233
48169,0.229562678610548
48171,0.563431073979888
48175,0.384355582649018
48177,0.478486240195474
48179,0.400062331207908
48181,0.655964722457262
48183,0.483188107120277
48185,0.645609257189436
48187,0.344279070502896
48189,0.573314059322704
48191,0.230382785161547
48193,0.344279070502896
48195,0.354202598918173
48197,0.1137621993322
48199,0.417895954384089
48201,0.739792278040898
48203,0.402681557207008
48207,0.375490490304276
48209,0.477780550219273
48213,0.495398021680126
48215,0.660423510920214
48217,0.468009922906265
48221,0.33832363368761
48223,0.468565102484026
48225,0.673375987312673
48227,0.581361504775465
48229,0.407049542769517
48231,0.444447265370363
48233,0.105647873978699
48235,0.186297061255308
48237,0.340208522008002
48239,0.243555366918696
48241,0.523414224619162
48243,0.616527577030912
48245,0.502590245980215
48247,0.242817536154158
48249,0.509093546537402
48251,0.52226755815005
48253,0.371192738228051
48255,0.554244586998867
48257,0.58091517031786
48259,0.512123431546485
48263,0.504779735309049
48265,0.568658892292961
48267,0.393889890201275
48269,0.123479623311732
48271,0.196583049093953
48273,0.155902236286664
48275,0.188667994752873
48277,0.507409019717602
48281,0.460458989992902
48283,0.467081255661302
48285,0.608463613136183
48287,0.706952563826436
48289,0.49717850567993
48291,0.242075398402015
48293,0.418851324580238
48297,0.305060263616466
48299,0.461035177619266
48303,0.585012862051106
48305,0.673610147603242
48307,0.635012830717646
48309,0.705633415420023
48313,0.553869543102423
48315,0.558821415422493
48319,0.600546183966093
48321,0.369631329368232
48323,0.675010933431643
48325,0.423788821487579
48327,0.207988114205409
48329,0.394162715199079
48331,0.455789094093071
48333,0.574349136085109
48335,0.572274503972541
48337,0.349669978722249
48339,0.434614216140012
48341,0.194379035598922
48343,0.305530109428503
48345,0.16214829078737
48347,0.548682519873213
48349,0.512874399635464
48351,0.594808593759261
48353,0.493766419706814
48355,0.562105925332158
48357,0.443402171263171
48359,0.147483740937292
48361,0.520101512093792
48363,0.452814114594767
48365,0.218364316194364
48367,0.516000749351934
48371,0.0601262684120512
48373,0.401899751262907
48375,0.530589313304711
48377,0.556482311295843
48379,0.296336594033379
48381,0.582695612567645
48385,0.570764924674396
48387,0.155902236286664
48389,0.323214298262959
48391,0.615363356830546
48395,0.562226700564916
48397,0.511520800278799
48399,0.669205820891236
48401,0.337943976668787
48403,0.231197454543842
48405,0.430849954522436
48407,0.320689017867816
48409,0.536601284577965
48411,0.426324501215463
48415,0.442982567208608
48417,0.360280324060884
48419,0.326109284553696
48423,0.401899751262907
48425,0.684096976007069
48427,0.601985801308733
48429,0.404492813900048
48431,0.367738566330027
48433,0.207988114205409
48435,0.526819333560572
48437,0.0997446902510171
48439,0.722459029139127
48441,0.550720505349637
48449,0.506021010536256
48451,0.508329465791336
48453,0.691947724275081
48455,0.321535382136441
48457,0.388343817362469
48459,0.484561181718619
48463,0.513323750539843
48465,0.572621522846615
48467,0.468565102484026
48469,0.399533911822937
48471,0.564390182611513
48473,0.318121577259807
48475,0.371192738228051
48477,0.583249339677168
48479,0.573544461826274
48481,0.403718765007283
48483,0.352126127237126
48485,0.635283019403175
48487,0.235192104100706
48489,0.221922151185075
48491,0.627795130837623
48493,0.505246045995039
48497,0.497982947300768
48499,0.53524885046845
48503,0.343546569732076
48505,0.802797742984669
48507,0.572158719390391
49001,0.53293106707998
49003,0.506638997542109
49005,0.395249876553395
49007,0.479890473790238
49009,0.48996556575086
49011,0.647764317378924
49013,0.384355582649018
49017,0.582473768680212
49019,0.403460016496696
49021,0.595651434920184
49023,0.53293106707998
49025,0.324461627905867
49027,0.524981334832161
49029,0.602804733034897
49031,0.384355582649018
49035,0.446520905469765
49037,0.414513144404896
49039,0.354546152059428
49041,0.441083122521829
49043,0.7099157417166
49045,0.636808840048702
49047,0.414024830518721
49049,0.508788235302508
49051,0.318552482099978
49053,0.449996765466705
49057,0.613313070350993
50001,0.706883286527331
50003,0.595230372739987
50005,0.591301188969914
50007,0.682288338632215
50009,0.43218695710013
50011,0.614681762771246
50015,0.692531396566303
50017,0.49278142847671
50019,0.479540302805299
50021,0.56700792439171
50023,0.593007969360545
50025,0.649390551184733
50027,0.598058773715935
51001,0.339457226336333
51003,0.492616819073478
51005,0.475648957817182
51007,0.500060492689422
51009,0.477780550219273
51011,0.471136209273005
51013,0.767105477208436
51015,0.463891728332056
51017,0.544942339419856
51019,0.617204258852586
51021,0.459881151114179
51023,0.629733399867073
51025,0.549576340618879
51027,0.617686507087381
51029,0.330153824482798
51031,0.476717495186505
51033,0.411067634358567
51035,0.522123809193999
51036,0.199809424564003
51037,0.442351468739326
51041,0.504000314689394
51043,0.416694837954323
51045,0.359615869119735
51047,0.447959560933168
51049,0.424945610989226
51051,0.402160727176005
51053,0.458526376134979
51057,0.300763151331412
51059,0.805509827826601
51061,0.440232952985717
51063,0.573198775166242
51065,0.617011104220994
51067,0.705772560305386
51069,0.530312209857843
51071,0.406795471073111
51075,0.373967885192934
51077,0.572737084390372
51079,0.592262705366731
51081,0.593644982107172
51083,0.516443771435785
51085,0.506484665441859
51087,0.407809652894617
51089,0.592262705366731
51091,0.528642396250215
51093,0.265813341953747
51095,0.624344352046054
51097,0.221922151185075
51099,0.677483748540112
51101,0.459301649856135
51103,0.343913234793773
51105,0.496371031526663
51107,0.658533413584731
51109,0.384930890266834
51111,0.464269575583488
51113,0.50037834058051
51115,0.65269783796684
51117,0.308778166802375
51119,0.986289632442166
51121,0.604231450901381
51125,0.528083027643238
51127,0.2805152748907
51131,0.876908642169053
51133,0.134266326642745
51135,0.342810733844691
51137,0.351777489828364
51139,0.705772560305386
51141,0.575379779193337
51143,0.501960583813726
51145,0.492452082142663
51147,0.489464742831819
51149,0.801281004235567
51153,0.681379582756593
51155,0.584793117433007
51157,0.618167846621254
51159,0.850592916813206
51161,0.593007969360545
51163,0.46558653102159
51165,0.641948804540981
51167,0.578558348859117
51169,0.548298396638148
51171,0.43592539844829
51173,0.575722349304043
51175,0.313299431340118
51177,0.579121578920073
51179,0.670629239964013
51181,0.621701902068872
51183,0.29782706160255
51185,0.477780550219273
51187,0.585889869579671
51191,0.612134005885818
51193,0.354202598918173
51195,0.459688169289852
51197,0.40628626834722
51199,0.310148875625121
51510,0.586436406277067
51515,0.759665861247362
51520,0.648963557683704
51530,0.426095380851743
51540,0.515556835944586
51550,0.510310540861263
51570,0.794519961418153
51580,0.226226132737709
51590,0.506330223695969
51595,0.702273407130549
51600,0.255491447248024
51630,0.645002688581984
51640,0.876020264573711
51650,0.55943312062064
51660,0.65927459503015
51678,0.668967861725379
51680,0.591515183570911
51690,0.539947671497689
51700,0.532519574694994
51710,0.704168283613331
51720,0.495560497928108
51730,0.762778209003101
51740,0.537408904844179
51760,0.689748079225292
51770,0.779462053892337
51775,0.521836032646814
51800,0.357269224174029
51810,0.72875825039811
51820,0.521259361065233
51830,0.686862464039547
53001,0.481285303402824
53003,0.648021753145936
53005,0.593750991460903
53007,0.600958350525734
53009,0.578106819346813
53011,0.631748562870484
53013,0.459108111412293
53015,0.616527577030912
53017,0.820889542878631
53019,0.770255341525529
53021,0.458526376134979
53023,0.379683785711687
53025,0.563791194667858
53027,0.609261739426237
53029,0.678788468339631
53031,0.636450622713299
53033,0.793015034343791
53035,0.742073469467769
53037,0.372740024886503
53039,0.81705245494078
53041,0.654378137465946
53043,0.331742865397731
53045,0.591515183570911
53047,0.592369309511374
53049,0.438306380620504
53051,0.776075886776952
53053,0.675088545984811
53055,0.959600876542105
53057,0.712101205546771
53059,0.591301188969914
53061,0.700153073539567
53063,0.675631221727372
53065,0.641333766039669
53067,0.714337715183232
53069,0.665855345276675
53071,0.441083122521829
53073,0.690262875171839
53075,0.635283019403175
53077,0.565940512424286
54001,0.61807165121813
54003,0.421923103944398
54005,0.504468303423878
54007,0.350023116812095
54009,0.445901107281429
54011,0.535790789508261
54013,0.530034765537797
54015,0.731380626620014
54017,0.521547883647574
54019,0.704378049474402
54021,0.547528234030905
54023,0.518937593886935
54025,0.618552266672953
54027,0.325287640421153
54029,0.801888566674666
54031,0.677098830773191
54033,0.674155746414459
54035,0.642912405682777
54037,0.657790187567235
54039,0.673844108379923
54041,0.536331440160176
54043,0.389466965279719
54045,0.532244830184418
54047,0.558576287458083
54049,0.704587661122098
54051,0.586217938080509
54053,0.484561181718619
54055,0.646732072317898
54057,0.348961408468947
54059,0.536736086948993
54061,0.66569476587928
54063,0.566771135185499
54065,0.852937889581238
54067,0.609659858580302
54069,0.548554549517926
54071,0.452414074273765
54073,0.569128506156019
54075,0.38406722053728
54077,0.577087784956071
54079,0.537543230400719
54081,0.346456911148785
54083,0.454009435508291
54085,0.554244586998867
54087,0.509702891048009
54089,0.589905673301765
54091,0.401376671331508
54093,0.510765172696717
54095,0.48660410229208
54097,0.47259107451217
54099,0.434175167174541
54101,0.602395602210076
54103,0.422624911134195
54105,0.445279349427239
54107,0.675863469911252
54109,0.646300782719243
55003,0.130108433184923
55005,0.182639774514883
55007,0.21376153679835
55009,0.399533911822937
55011,0.289694600305933
55015,0.44423869186077
55017,0.432408887678505
55019,0.337563414915074
55021,0.346095960818756
55023,0.509093546537402
55025,0.517474046799688
55027,0.402941413828973
55029,0.673688156677346
55031,0.328951404500587
55033,0.102751280624081
55035,0.336032018552541
55037,0.246464763849466
55039,0.49974217461581
55041,0.243555366918696
55043,0.285448908643708
55045,0.226226132737709
55047,0.53781164436643
55049,0.340956316644275
55051,0.154276418624944
55053,0.328548538829002
55055,0.419327188796612
55057,0.292285535321359
55059,0.535655425815408
55063,0.431296658944584
55065,0.370257606907516
55067,0.38406722053728
55069,0.454207960557573
55071,0.619893206454421
55073,0.398738374815969
55075,0.356592634361163
55077,0.183872799373567
55079,0.682515063332204
55081,0.233609666594141
55083,0.318552482099978
55085,0.335260758088512
55087,0.424020745784363
55089,0.532244830184418
55093,0.266432787733859
55095,0.573198775166242
55097,0.238297981221632
55099,0.451611570916667
55101,0.553243128618727
55103,0.291771071674516
55105,0.541140478367917
55107,0.452614194984245
55109,0.227068867473125
55111,0.376397643037961
55113,0.254142784149655
55115,0.0997446902510171
55117,0.415728349321599
55119,0.287055914125741
55121,0.385504321101424
55123,0.461418390783002
55127,0.32569900515257
55131,0.426553345540465
55133,0.546884468369159
55135,0.514070632938273
55137,0.498143474063211
55139,0.417176211481332
55141,0.415000179001874
56001,0.415485942132298
56003,0.271884181800217
56005,0.498303880797793
56007,0.428374255353537
56009,0.452013227653348
56011,0.424252386071455
56013,0.265191040902578
56015,0.491791854500499
56017,0.157501356225178
56019,0.515704906375653
56021,0.627887758848487
56023,0.376698972006526
56025,0.49717850567993
56027,0.32935323654958
56029,0.525690043272901
56031,0.439806472441016
56033,0.319410670561915
56035,0.256826416002522
56037,0.525548480963251
56039,0.183872799373567
56041,0.48660410229208
56043,0.125745611858042
